{
    "best_params": {
        "n_layers": 9,
        "hidden_dim_factor": 1.1875195046901879,
        "dropout_rate": 0.007934749491939007,
        "activation": "relu",
        "lr": 0.0004410856076132476,
        "weight_decay": 0.0002458732283322601,
        "optimizer": "RMSprop",
        "batch_size": 32,
        "num_epochs": 253,
        "patience": 20
    },
    "best_value": 1.1063399210153335,
    "best_trial": 124,
    "n_trials": 200,
    "datetime": "2024-10-23T07:51:10.660390"
}